Section,Item,Description,Price,Dietary,Where,Highlight,Show from,Show until,Days,Status
,Thursday: fish & chips night,"Fish, chips, mushy peas, bread and butter. Served 5 to 8pm.",9.95,,Board,Yes,,2026-12-30,,Live
,Thursday: fish & chips night,"Fish, chips, mushy peas, bread and butter. Served 5 to 8pm.",9.95,,Board,Yes,2027-01-01,,,Live
,The 5-5-5 menu: Friday 9 and Saturday 10 October,Fish & chips. Curry. Wagyu burger. 5 bean chilli & rice. Sausage & mash with onion gravy.,,,Board,Yes,2026-10-09,2026-10-10,,Live
Mains,Steak & Timothy Taylor ale pie,"Shortcrust all round. Hand-cut chips or mash, mushy or garden peas",14.95,,Board,,,,,Live
Mains,Creamy chicken & leek pie,The alternative to the steak pie,13.95,,Board,,,,,Live
Mains,Beer-battered fish & hand-cut chips,"Mushy peas, tartare sauce",13.95,,Board,,,,,Live
Mains,Our popular chicken Balti curry,"Basmati rice, garlic naan. Add chips £2",13.95,,Board,,,,,Live
Mains,Pasta dish of the week,,11.95,,Board,,,,,Live
Vegetarian,"Cauliflower, broccoli & cheese pie","Creamy mash, garden peas",10.95,V,Board,,,,,Live
Vegetarian,Honey-soaked halloumi,"Breadcrumbed, in a seeded brioche bun with fries and beer-battered onion rings",13.95,V,Board,,,,,Live
Burgers,,6oz flame-grilled steak burger on a seeded brioche bun.,,,Board,,,,,Live
Burgers,Melted cheddar,,13.95,,Board,,,,,Live
Burgers,Cheddar & bacon,,14.95,,Board,,,,,Live
Burgers,"Cheddar, spicy mayo & jalapeños",,14.50,,Board,,,,,Live
Burgers,Bacon & Brie,,15.95,,Board,,,,,Live
Burgers,Black & blue,Stilton and Cajun spice,16.95,,Board,,,,,Live
Little ones,Chicken nuggets & fries,,5.95,,Board,,,,,Live
Little ones,Mini fish & chips,,5.95,,Board,,,,,Live
Little ones,Cheeseburger & fries,,5.95,,Board,,,,,Live
Sunday lunch,Slow-cooked brisket,,,,Sunday,,,,,Live
Sunday lunch,Roast pork & crackling,,,,Sunday,,,,,Live
Sunday lunch,Roast chicken & stuffing,,,,Sunday,,,,,Live
Sunday lunch,Vegetarian sausages,,,V,Sunday,,,,,Live
